"unit_EDI","Num_QUDT_units"
"BQ-PER-GM",8
"BQ-PER-MilliGM",8
"BQ-PER-MilliL",7
"BU_US-PER-YR",97
"CentiM3-PER-CentiM3",356
"CORD-PER-AC",47
"DAY-PER-YR",356
"DEG-DAY",8
"DEG-MIN",42
"FT-LB",90
"FT3-PER-AC",47
"GigaGM",58
"GigaGM-PER-YR",45
"GM-PER-CM3",58
"GM-PER-GM-HR",89
"GM-PER-HA-DAY",22
"GM-PER-HA-HR",22
"GM-PER-HA-YR",22
"GM-PER-HectoGM",356
"GM-PER-M-DAY",22
"GM-PER-M-SEC",22
"GM-PER-M2-MO",22
"GM-PER-M3-DAY",7
"GM-PER-M3-YR",7
"GM-PER-MegaPA-SEC-M",16
"GM-PER-MO",45
"GM-PER-NUM",58
"GM-PER-YR",45
"GM-PER-YR-M2",22
"J-PER-DAY",119
"J-PER-K-KiloGM",16
"KiloGM-PER-HA-MO",22
"KiloGM-PER-KiloM2-YR",22
"KiloGM-PER-M2-YR",22
"KiloGM-PER-SEC-MegaPA",3
"KiloJ-PER-DAY",119
"KiloJ-PER-GM",34
"KiloJ-PER-HR",119
"KiloJ-PER-M",37
"KiloJ-PER-M2",39
"KiloJ-PER-M2-DAY",28
"KiloM-PER-KiloM2",35
"KiloM3",67
"KiloW-PER-M2-SEC",1
"L-PER-M-MilliGM",5
"L-PER-M2",47
"L-PER-M2-DAY",49
"L-PER-MilliGM",11
"L-PER-MilliGM-M",5
"M-DEG_C-PER-SEC",1
"M-PER-M",356
"M2-I_US",26
"M2-PER-DAY",9
"M2-PER-HA-YR",89
"M2-PER-M3",35
"M2-PER-NUM",26
"M2-PER-SEC3",31
"M3-PER-GM",11
"M3-PER-M",26
"M3-PER-M-YR",9
"M3-PER-M2",47
"M3-PER-M2-DAY",49
"M3-PER-MO",97
"M3-PER-SEC-KiloM2",49
"M3-PER-YR",97
"MegaGAL_US",67
"MegaJ-PER-M2-YR",28
"MegaL-PER-KiloM2",47
"MI_US-PER-SEC",49
"MI_US2",26
"MicroBQ-PER-GM",8
"MicroGM-PER-DAY",45
"MicroGM-PER-KiloGM-DAY",89
"MicroGM-PER-KiloGM-HR",89
"MicroGM-PER-L-MIN",7
"MicroGM-PER-M2",27
"MicroGM-PER-M2-MIN",22
"MicroGM-PER-M2-SEC",22
"MicroGM-PER-MilliL-DAY",3
"MicroGM-PER-MilliM2",27
"MicroGM-PER-SEC",45
"MicroM-PER-SEC-M2",2
"MicroM3-PER-L",356
"MicroM3-PER-MilliM2",47
"MicroMOL-PER-GM-DAY",6
"MicroMOL-PER-HA",3
"MicroMOL-PER-KiloGM-HR",6
"MicroMOL-PER-L-DAY",19
"MicroMOL-PER-M2-MIN",12
"MicroMOL-PER-M2-YR",12
"MicroMOL-PER-M3",14
"MicroMOL-PER-MicroMOL",356
"MicroMOL-PER-MilliGM",15
"MicroMOL-PER-MilliGM-HR",6
"MicroMOL-PER-MOLE",356
"MicroMOL-PHOT-PER-M2-DAY",12
"MicroMOL-PHOT-PER-M2-SEC",12
"MilliGM-GM-PER-KiloGM-DAY",89
"MilliGM-PER-DAY-GM",89
"MilliGM-PER-KiloGM-HR",89
"MilliGM-PER-KiloGM-MO",89
"MilliGM-PER-L-HR",3
"MilliGM-PER-L-SEC",3
"MilliGM-PER-M2-MIN",22
"MilliGM-PER-MilliL-DAY",3
"MilliL-PER-GM",11
"MilliL-PER-MilliL",356
"MilliM-PER-HR-DAY",18
"MilliM-PER-NUM",47
"MilliM-PER-SEC-DAY",18
"MilliM2-PER-MilliGM",5
"MilliM2-PER-YR",9
"MilliM3-PER-L",356
"MilliMOL-PER-M2-MIN",12
"MilliMOL-PER-M3-MIN",19
"MilliMOL-PER-SEC",19
"MilliMOL-PER-SEC-M2",12
"MilliMOL2-PER-MOL2",356
"MOL-PER-DAY",19
"MOL-PER-HA",3
"MOL-PER-SEC-M2",12
"NanoGM-PER-GM-DAY",89
"NanoGM-PER-GM-HR",89
"NanoGM-PER-M2-HR",22
"NanoMOL-PER-GM-DAY",6
"NanoMOL-PER-HR",19
"NanoMOL-PER-HR-GM",6
"NanoMOL-PER-HR-MicroGM",6
"NanoMOL-PER-MilliGM-HR",6
"NanoMOL-PER-MilliL",14
"NanoMOL-PER-MIN",19
"NanoMOL-PER-MOL",356
"NUM-PER-NUM",356
"OZ-PER-AC",27
"PicoMOL-PER-GM",15
"PicoMOL-PER-M2-SEC",12
"PicoMOL-PER-MIN-MilliGM",6
"TON_US-PER-AC",27
"TON_US-PER-AC-FT",58
"TON_US-PER-HA",27
"TONNE-PER-AC",27
"V-PER-V",356
"W-HR-PER-M2",39
"W-HR-PER-M2-DAY",39
"YR-NA-MO",356
